snapshot_date,rank,path,title,count,uniques
2026-05-30,1,/danielep71/VBA-DATETIMEPICKER,Overview,16,7
2026-05-30,2,/danielep71/VBA-DATETIMEPICKER/graphs/traffic,/graphs/traffic,9,1
2026-05-30,3,/danielep71/VBA-DATETIMEPICKER/pulse,/pulse,5,1
2026-05-30,4,/danielep71/VBA-DATETIMEPICKER/tree/main/src,/tree/main/src,5,1
2026-05-30,5,/danielep71/VBA-DATETIMEPICKER/tree/main/demo,/tree/main/demo,4,3
2026-05-30,6,/danielep71/VBA-DATETIMEPICKER/wiki,/wiki,4,2
2026-05-30,7,/danielep71/VBA-DATETIMEPICKER/actions/metrics/performance,/actions/metrics/performance,3,1
2026-05-30,8,/danielep71/VBA-DATETIMEPICKER/wiki/Installation-and-Import,/wiki/Installation-and-Import,3,1
2026-05-30,9,/danielep71/VBA-DATETIMEPICKER/blob/main/src/modules/M_DatePicker.bas,/blob/main/src/modules/M_DatePicker.bas,2,2
2026-05-30,10,/danielep71/VBA-DATETIMEPICKER/commit/874b2f1921f457430407c797064a0ff901931970,/commit/874b2f1921f457430407c797064a0ff901931970,2,1
2026-05-31,1,/danielep71/VBA-DATETIMEPICKER,Overview,14,5
2026-05-31,2,/danielep71/VBA-DATETIMEPICKER/graphs/traffic,/graphs/traffic,9,1
2026-05-31,3,/danielep71/VBA-DATETIMEPICKER/pulse,/pulse,5,1
2026-05-31,4,/danielep71/VBA-DATETIMEPICKER/tree/main/src,/tree/main/src,5,1
2026-05-31,5,/danielep71/VBA-DATETIMEPICKER/tree/main/demo,/tree/main/demo,4,3
2026-05-31,6,/danielep71/VBA-DATETIMEPICKER/wiki,/wiki,3,2
2026-05-31,7,/danielep71/VBA-DATETIMEPICKER/actions/metrics/performance,/actions/metrics/performance,3,1
2026-05-31,8,/danielep71/VBA-DATETIMEPICKER/blob/main/src/modules/M_DatePicker.bas,/blob/main/src/modules/M_DatePicker.bas,2,2
2026-05-31,9,/danielep71/VBA-DATETIMEPICKER/commit/874b2f1921f457430407c797064a0ff901931970,/commit/874b2f1921f457430407c797064a0ff901931970,2,1
2026-05-31,10,/danielep71/VBA-DATETIMEPICKER/tree/main,/tree/main,2,1
2026-06-01,1,/danielep71/VBA-DATETIMEPICKER,Overview,15,5
2026-06-01,2,/danielep71/VBA-DATETIMEPICKER/graphs/traffic,/graphs/traffic,13,1
2026-06-01,3,/danielep71/VBA-DATETIMEPICKER/pulse,/pulse,6,1
2026-06-01,4,/danielep71/VBA-DATETIMEPICKER/tree/main/src,/tree/main/src,5,1
2026-06-01,5,/danielep71/VBA-DATETIMEPICKER/tree/main/demo,/tree/main/demo,4,3
2026-06-01,6,/danielep71/VBA-DATETIMEPICKER/wiki,/wiki,3,2
2026-06-01,7,/danielep71/VBA-DATETIMEPICKER/actions/metrics/performance,/actions/metrics/performance,3,1
2026-06-01,8,/danielep71/VBA-DATETIMEPICKER/blob/main/src/modules/M_DatePicker.bas,/blob/main/src/modules/M_DatePicker.bas,2,2
2026-06-01,9,/danielep71/VBA-DATETIMEPICKER/commit/874b2f1921f457430407c797064a0ff901931970,/commit/874b2f1921f457430407c797064a0ff901931970,2,1
2026-06-01,10,/danielep71/VBA-DATETIMEPICKER/tree/main,/tree/main,2,1
2026-06-02,1,/danielep71/VBA-DATETIMEPICKER,Overview,15,5
2026-06-02,2,/danielep71/VBA-DATETIMEPICKER/graphs/traffic,/graphs/traffic,13,1
2026-06-02,3,/danielep71/VBA-DATETIMEPICKER/pulse,/pulse,6,1
2026-06-02,4,/danielep71/VBA-DATETIMEPICKER/tree/main/src,/tree/main/src,5,1
2026-06-02,5,/danielep71/VBA-DATETIMEPICKER/tree/main/demo,/tree/main/demo,4,3
2026-06-02,6,/danielep71/VBA-DATETIMEPICKER/wiki,/wiki,3,2
2026-06-02,7,/danielep71/VBA-DATETIMEPICKER/actions/metrics/performance,/actions/metrics/performance,3,1
2026-06-02,8,/danielep71/VBA-DATETIMEPICKER/blob/main/src/modules/M_DatePicker.bas,/blob/main/src/modules/M_DatePicker.bas,2,2
2026-06-02,9,/danielep71/VBA-DATETIMEPICKER/commit/874b2f1921f457430407c797064a0ff901931970,/commit/874b2f1921f457430407c797064a0ff901931970,2,1
2026-06-02,10,/danielep71/VBA-DATETIMEPICKER/tree/main,/tree/main,2,1
2026-06-03,1,/danielep71/VBA-DATETIMEPICKER,Overview,16,6
2026-06-03,2,/danielep71/VBA-DATETIMEPICKER/graphs/traffic,/graphs/traffic,13,1
2026-06-03,3,/danielep71/VBA-DATETIMEPICKER/pulse,/pulse,7,1
2026-06-03,4,/danielep71/VBA-DATETIMEPICKER/tree/main/src,/tree/main/src,5,1
2026-06-03,5,/danielep71/VBA-DATETIMEPICKER/tree/main/demo,/tree/main/demo,3,2
2026-06-03,6,/danielep71/VBA-DATETIMEPICKER/wiki,/wiki,3,2
2026-06-03,7,/danielep71/VBA-DATETIMEPICKER/actions/metrics/performance,/actions/metrics/performance,3,1
2026-06-03,8,/danielep71/VBA-DATETIMEPICKER/blob/main/src/modules/M_DatePicker.bas,/blob/main/src/modules/M_DatePicker.bas,2,2
2026-06-03,9,/danielep71/VBA-DATETIMEPICKER/commit/874b2f1921f457430407c797064a0ff901931970,/commit/874b2f1921f457430407c797064a0ff901931970,2,1
2026-06-03,10,/danielep71/VBA-DATETIMEPICKER/tree/main,/tree/main,2,1
2026-06-04,1,/danielep71/VBA-DATETIMEPICKER,Overview,19,6
2026-06-04,2,/danielep71/VBA-DATETIMEPICKER/graphs/traffic,/graphs/traffic,15,1
2026-06-04,3,/danielep71/VBA-DATETIMEPICKER/pulse,/pulse,9,1
2026-06-04,4,/danielep71/VBA-DATETIMEPICKER/actions/metrics/performance,/actions/metrics/performance,4,1
2026-06-04,5,/danielep71/VBA-DATETIMEPICKER/wiki,/wiki,3,2
2026-06-04,6,/danielep71/VBA-DATETIMEPICKER/commit/874b2f1921f457430407c797064a0ff901931970,/commit/874b2f1921f457430407c797064a0ff901931970,2,1
2026-06-04,7,/danielep71/VBA-DATETIMEPICKER/actions/metrics/usage,/actions/metrics/usage,1,1
2026-06-04,8,/danielep71/VBA-DATETIMEPICKER/actions/runs/26871532698,/actions/runs/26871532698,1,1
2026-06-04,9,/danielep71/VBA-DATETIMEPICKER/actions/runs/26871532698/job/79247802394,/actions/runs/26871532698/job/79247802394,1,1
2026-06-04,10,/danielep71/VBA-DATETIMEPICKER/actions/runs/26917802317,/actions/runs/26917802317,1,1
2026-06-05,1,/danielep71/VBA-DATETIMEPICKER,Overview,19,6
2026-06-05,2,/danielep71/VBA-DATETIMEPICKER/graphs/traffic,/graphs/traffic,15,1
2026-06-05,3,/danielep71/VBA-DATETIMEPICKER/pulse,/pulse,10,1
2026-06-05,4,/danielep71/VBA-DATETIMEPICKER/actions/metrics/performance,/actions/metrics/performance,4,1
2026-06-05,5,/danielep71/VBA-DATETIMEPICKER/wiki,/wiki,3,2
2026-06-05,6,/danielep71/VBA-DATETIMEPICKER/blob/traffic-history/data/traffic.csv,/blob/traffic-history/data/traffic.csv,2,1
2026-06-05,7,/danielep71/VBA-DATETIMEPICKER/commit/874b2f1921f457430407c797064a0ff901931970,/commit/874b2f1921f457430407c797064a0ff901931970,2,1
2026-06-05,8,/danielep71/VBA-DATETIMEPICKER/actions/metrics/usage,/actions/metrics/usage,1,1
2026-06-05,9,/danielep71/VBA-DATETIMEPICKER/actions/runs/26871532698,/actions/runs/26871532698,1,1
2026-06-05,10,/danielep71/VBA-DATETIMEPICKER/actions/runs/26871532698/job/79247802394,/actions/runs/26871532698/job/79247802394,1,1
2026-06-06,1,/danielep71/VBA-DATETIMEPICKER/graphs/traffic,/graphs/traffic,17,1
2026-06-06,2,/danielep71/VBA-DATETIMEPICKER,Overview,15,4
2026-06-06,3,/danielep71/VBA-DATETIMEPICKER/pulse,/pulse,10,1
2026-06-06,4,/danielep71/VBA-DATETIMEPICKER/actions/metrics/performance,/actions/metrics/performance,4,1
2026-06-06,5,/danielep71/VBA-DATETIMEPICKER/blob/traffic-history/data/traffic.csv,/blob/traffic-history/data/traffic.csv,2,1
2026-06-06,6,/danielep71/VBA-DATETIMEPICKER/actions/metrics/usage,/actions/metrics/usage,1,1
2026-06-06,7,/danielep71/VBA-DATETIMEPICKER/actions/runs/26871532698,/actions/runs/26871532698,1,1
2026-06-06,8,/danielep71/VBA-DATETIMEPICKER/actions/runs/26871532698/job/79247802394,/actions/runs/26871532698/job/79247802394,1,1
2026-06-06,9,/danielep71/VBA-DATETIMEPICKER/actions/runs/26917802317,/actions/runs/26917802317,1,1
2026-06-06,10,/danielep71/VBA-DATETIMEPICKER/actions/runs/26917802317/job/79411453338,/actions/runs/26917802317/job/79411453338,1,1
2026-06-07,1,/danielep71/VBA-DATETIMEPICKER,Overview,20,6
2026-06-07,2,/danielep71/VBA-DATETIMEPICKER/graphs/traffic,/graphs/traffic,18,1
2026-06-07,3,/danielep71/VBA-DATETIMEPICKER/pulse,/pulse,11,1
2026-06-07,4,/danielep71/VBA-DATETIMEPICKER/actions/metrics/performance,/actions/metrics/performance,4,1
2026-06-07,5,/danielep71/VBA-DATETIMEPICKER/blob/traffic-history/data/traffic.csv,/blob/traffic-history/data/traffic.csv,2,1
2026-06-07,6,/danielep71/VBA-DATETIMEPICKER/actions/metrics/usage,/actions/metrics/usage,1,1
2026-06-07,7,/danielep71/VBA-DATETIMEPICKER/actions/runs/26871532698,/actions/runs/26871532698,1,1
2026-06-07,8,/danielep71/VBA-DATETIMEPICKER/actions/runs/26871532698/job/79247802394,/actions/runs/26871532698/job/79247802394,1,1
2026-06-07,9,/danielep71/VBA-DATETIMEPICKER/actions/runs/26917802317,/actions/runs/26917802317,1,1
2026-06-07,10,/danielep71/VBA-DATETIMEPICKER/actions/runs/26917802317/job/79411453338,/actions/runs/26917802317/job/79411453338,1,1
2026-06-08,1,/danielep71/VBA-DATETIMEPICKER,Overview,23,7
2026-06-08,2,/danielep71/VBA-DATETIMEPICKER/graphs/traffic,/graphs/traffic,19,1
2026-06-08,3,/danielep71/VBA-DATETIMEPICKER/pulse,/pulse,13,1
2026-06-08,4,/danielep71/VBA-DATETIMEPICKER/actions/metrics/performance,/actions/metrics/performance,4,1
2026-06-08,5,/danielep71/VBA-DATETIMEPICKER/blob/traffic-history/data/traffic.csv,/blob/traffic-history/data/traffic.csv,2,1
2026-06-08,6,/danielep71/VBA-DATETIMEPICKER/actions/metrics/usage,/actions/metrics/usage,1,1
2026-06-08,7,/danielep71/VBA-DATETIMEPICKER/actions/runs/26871532698,/actions/runs/26871532698,1,1
2026-06-08,8,/danielep71/VBA-DATETIMEPICKER/actions/runs/26871532698/job/79247802394,/actions/runs/26871532698/job/79247802394,1,1
2026-06-08,9,/danielep71/VBA-DATETIMEPICKER/actions/runs/26917802317,/actions/runs/26917802317,1,1
2026-06-08,10,/danielep71/VBA-DATETIMEPICKER/actions/runs/26917802317/job/79411453338,/actions/runs/26917802317/job/79411453338,1,1
2026-06-09,1,/danielep71/VBA-DATETIMEPICKER,Overview,23,7
2026-06-09,2,/danielep71/VBA-DATETIMEPICKER/graphs/traffic,/graphs/traffic,19,1
2026-06-09,3,/danielep71/VBA-DATETIMEPICKER/pulse,/pulse,13,1
2026-06-09,4,/danielep71/VBA-DATETIMEPICKER/actions/metrics/performance,/actions/metrics/performance,4,1
2026-06-09,5,/danielep71/VBA-DATETIMEPICKER/blob/traffic-history/data/traffic.csv,/blob/traffic-history/data/traffic.csv,2,1
2026-06-09,6,/danielep71/VBA-DATETIMEPICKER/actions/metrics/usage,/actions/metrics/usage,1,1
2026-06-09,7,/danielep71/VBA-DATETIMEPICKER/actions/runs/26871532698,/actions/runs/26871532698,1,1
2026-06-09,8,/danielep71/VBA-DATETIMEPICKER/actions/runs/26871532698/job/79247802394,/actions/runs/26871532698/job/79247802394,1,1
2026-06-09,9,/danielep71/VBA-DATETIMEPICKER/actions/runs/26917802317,/actions/runs/26917802317,1,1
2026-06-09,10,/danielep71/VBA-DATETIMEPICKER/actions/runs/26917802317/job/79411453338,/actions/runs/26917802317/job/79411453338,1,1
